[
  {
    "image": "https://example.com/puzzles/bt_01.png",
    "answer": "misunderstood",
    "alternateAnswers": [
      "misunderstood",
      "miss understood"
    ],
    "difficulty": 3,
    "category": "rebus",
    "hints": [
      {
        "text": "One word sits on top of another.",
        "score": 1
      },
      {
        "text": "Read it as a phrase about being 'under' something.",
        "score": 2
      },
      {
        "text": "MISS is under STOOD.",
        "score": 3
      }
    ]
  },
  {
    "image": "https://example.com/puzzles/bt_02.png",
    "answer": "walk in the park",
    "alternateAnswers": [
      "walk in the park",
      "a walk in the park"
    ],
    "difficulty": 1,
    "category": "rebus",
    "hints": [
      {
        "text": "A word is literally inside a place name.",
        "score": 1
      },
      {
        "text": "WALK is between PA and RK.",
        "score": 2
      },
      {
        "text": "It's a phrase meaning 'very easy'.",
        "score": 3
      }
    ]
  },
  {
    "image": "https://example.com/puzzles/bt_03.png",
    "answer": "one in a million",
    "alternateAnswers": [
      "one in a million",
      "1 in a million"
    ],
    "difficulty": 2,
    "category": "rebus",
    "hints": [
      {
        "text": "A number replaces a letter.",
        "score": 1
      },
      {
        "text": "Think of '1' as 'one'.",
        "score": 2
      },
      {
        "text": "It's a phrase meaning extremely rare.",
        "score": 3
      }
    ]
  },
  {
    "image": "https://example.com/puzzles/bt_04.png",
    "answer": "looking back",
    "alternateAnswers": [
      "looking back",
      "look back",
      "looking backwards"
    ],
    "difficulty": 2,
    "category": "rebus",
    "hints": [
      {
        "text": "The word is reversed.",
        "score": 1
      },
      {
        "text": "Read it from the other direction.",
        "score": 2
      },
      {
        "text": "It suggests turning to the past.",
        "score": 3
      }
    ]
  },
  {
    "image": "https://example.com/puzzles/bt_05.png",
    "answer": "you're under arrest",
    "alternateAnswers": [
      "you're under arrest",
      "you are under arrest"
    ],
    "difficulty": 3,
    "category": "rebus",
    "hints": [
      {
        "text": "One word is positioned above another.",
        "score": 1
      },
      {
        "text": "Focus on what is 'under' the other word.",
        "score": 2
      },
      {
        "text": "YOU'RE is under ARREST.",
        "score": 3
      }
    ]
  },
  {
    "image": "https://example.com/puzzles/bt_06.png",
    "answer": "stand by me",
    "alternateAnswers": [
      "stand by me",
      "stand beside me",
      "stand by me!"
    ],
    "difficulty": 2,
    "category": "rebus",
    "hints": [
      {
        "text": "A small word is placed next to a bigger one.",
        "score": 1
      },
      {
        "text": "ME is positioned by STAND.",
        "score": 2
      },
      {
        "text": "It's also a famous song/movie title.",
        "score": 3
      }
    ]
  },
  {
    "image": "https://example.com/puzzles/bt_07.png",
    "answer": "walking on thin ice",
    "alternateAnswers": [
      "walking on thin ice",
      "walking on ice",
      "walk on thin ice"
    ],
    "difficulty": 4,
    "category": "rebus",
    "hints": [
      {
        "text": "Think of risk or danger.",
        "score": 1
      },
      {
        "text": "WALKING appears above ICE.",
        "score": 2
      },
      {
        "text": "It's an idiom about being in a risky situation.",
        "score": 3
      }
    ]
  },
  {
    "image": "https://example.com/puzzles/bt_08.png",
    "answer": "understand",
    "alternateAnswers": [
      "understand",
      "under stand",
      "understanding"
    ],
    "difficulty": 2,
    "category": "rebus",
    "hints": [
      {
        "text": "One clue is literally under another.",
        "score": 1
      },
      {
        "text": "ICU is under STAND.",
        "score": 2
      },
      {
        "text": "Combine them into a single word.",
        "score": 3
      }
    ]
  },
  {
    "image": "https://example.com/puzzles/bt_09.png",
    "answer": "far apart",
    "alternateAnswers": [
      "far apart",
      "apart",
      "separated"
    ],
    "difficulty": 3,
    "category": "rebus",
    "hints": [
      {
        "text": "Notice the spacing.",
        "score": 1
      },
      {
        "text": "The letters are not close together.",
        "score": 2
      },
      {
        "text": "They are literally far apart.",
        "score": 3
      }
    ]
  },
  {
    "image": "https://example.com/puzzles/bt_10.png",
    "answer": "multiple choice",
    "alternateAnswers": [
      "multiple choice",
      "multi choice",
      "multiple-choice"
    ],
    "difficulty": 1,
    "category": "rebus",
    "hints": [
      {
        "text": "The same word is repeated.",
        "score": 1
      },
      {
        "text": "Many options are shown.",
        "score": 2
      },
      {
        "text": "Think of test questions.",
        "score": 3
      }
    ]
  },
  {
    "image": "https://example.com/puzzles/bt_11.png",
    "answer": "thirties",
    "alternateAnswers": [
      "thirties",
      "the thirties",
      "30s",
      "thirtys"
    ],
    "difficulty": 4,
    "category": "rebus",
    "hints": [
      {
        "text": "Read the groups aloud.",
        "score": 1
      },
      {
        "text": "It shows three 'tis'.",
        "score": 2
      },
      {
        "text": "Three 'tis' sounds like a decade.",
        "score": 3
      }
    ]
  },
  {
    "image": "https://example.com/puzzles/bt_12.png",
    "answer": "adverb",
    "alternateAnswers": [
      "adverb",
      "ad verb"
    ],
    "difficulty": 2,
    "category": "rebus",
    "hints": [
      {
        "text": "A symbol changes meaning.",
        "score": 1
      },
      {
        "text": "Plus means 'add'.",
        "score": 2
      },
      {
        "text": "Add + verb becomes a grammar term.",
        "score": 3
      }
    ]
  }
]